
/*users*/
INSERT INTO `Users`
(`id`,`name`,`email`,`country_code`,`phone_no`,`password`,`user_type`,`imagePath`,`verification_email_token`,`verification_email_status`,`verification_phone_token`,`verification_phone_status`,`zoom_id`,`zoom_pass`,`createdAt`,`updatedAt`)
VALUES (1000,'james','james@gmail.com', '977','9826572342','$2b$10$ULchVq9SgXHd7.0Kz2Puf.MZ9qoVySHqsxqauDqAZgOEl3Sn/dh6C','user','https://lorempixel.com/300/300/people',null,'verified',null,'verified','123456','asdfgh','2019-12-17','2019-12-17');

INSERT INTO `Users`
(`id`,`name`,`email`,`country_code`,`phone_no`,`password`,`user_type`,`imagePath`,`verification_email_token`,`verification_email_status`,`verification_phone_token`,`verification_phone_status`,`zoom_id`,`zoom_pass`,`createdAt`,`updatedAt`)
VALUES (2,'adam','adam@gmail.com', '1','9926572342','$2b$10$ULchVq9SgXHd7.0Kz2Puf.MZ9qoVySHqsxqauDqAZgOEl3Sn/dh6C','user','https://lorempixel.com/300/300/people',null,'verified',null,'verified','123456','asdfgh','2019-12-17','2019-12-17');

INSERT INTO `Users`
(`id`,`name`,`email`,`country_code`,`phone_no`,`password`,`user_type`,`imagePath`,`verification_email_token`,`verification_email_status`,`verification_phone_token`,`verification_phone_status`,`zoom_id`,`zoom_pass`,`createdAt`,`updatedAt`)
VALUES (3,'chris','chris@gmail.com', '34','9526572345','$2b$10$ULchVq9SgXHd7.0Kz2Puf.MZ9qoVySHqsxqauDqAZgOEl3Sn/dh6C','user','https://lorempixel.com/300/300/people',null,'verified',null,'verified','123456','asdfgh','2019-12-17','2019-12-17');


/*chefs*/
INSERT INTO `Users`
(`id`,`name`,`email`,`country_code`,`phone_no`,`password`,`user_type`,`imagePath`,`verification_email_token`,`verification_email_status`,`verification_phone_token`,`verification_phone_status`,`zoom_id`,`zoom_pass`,`createdAt`,`updatedAt`)
VALUES (4,'gordon','gordon@gmail.com', '34','9226572342','$2b$10$ULchVq9SgXHd7.0Kz2Puf.MZ9qoVySHqsxqauDqAZgOEl3Sn/dh6C','chef','https://lorempixel.com/300/300/people',null,'verified',null,'verified','123456','asdfgh','2019-12-17','2019-12-17');

INSERT INTO `Users`
(`id`,`name`,`email`,`country_code`,`phone_no`,`password`,`user_type`,`imagePath`,`verification_email_token`,`verification_email_status`,`verification_phone_token`,`verification_phone_status`,`zoom_id`,`zoom_pass`,`createdAt`,`updatedAt`)
VALUES (5,'almazan','almazan@gmail.com', '12','8926572342','$2b$10$ULchVq9SgXHd7.0Kz2Puf.MZ9qoVySHqsxqauDqAZgOEl3Sn/dh6C','chef','https://lorempixel.com/300/300/people',null,'verified',null,'verified','123456','asdfgh','2019-12-17','2019-12-17');

INSERT INTO `Users`
(`id`,`name`,`email`,`country_code`,`phone_no`,`password`,`user_type`,`imagePath`,`verification_email_token`,`verification_email_status`,`verification_phone_token`,`verification_phone_status`,`zoom_id`,`zoom_pass`,`createdAt`,`updatedAt`)
VALUES (6,'sanjeev','sanjeev@gmail.com', '13','7526572345','$2b$10$ULchVq9SgXHd7.0Kz2Puf.MZ9qoVySHqsxqauDqAZgOEl3Sn/dh6C','chef','https://lorempixel.com/300/300/people',null,'verified',null,'verified','123456','asdfgh','2019-12-17','2019-12-17');


/*drivers*/
INSERT INTO `Users`
(`id`,`name`,`email`,`country_code`,`phone_no`,`password`,`user_type`,`imagePath`,`verification_email_token`,`verification_email_status`,`verification_phone_token`,`verification_phone_status`,`zoom_id`,`zoom_pass`,`createdAt`,`updatedAt`)
VALUES (7,'nicky','nicky@gmail.com', '14','5926574342','$2b$10$ULchVq9SgXHd7.0Kz2Puf.MZ9qoVySHqsxqauDqAZgOEl3Sn/dh6C','driver','https://lorempixel.com/300/300/people',null,'verified',null,'verified','123456','asdfgh','2019-12-17','2019-12-17');

INSERT INTO `Users`
(`id`,`name`,`email`,`country_code`,`phone_no`,`password`,`user_type`,`imagePath`,`verification_email_token`,`verification_email_status`,`verification_phone_token`,`verification_phone_status`,`zoom_id`,`zoom_pass`,`createdAt`,`updatedAt`)
VALUES (8,'cook','cook@gmail.com', '15','5526572341','$2b$10$ULchVq9SgXHd7.0Kz2Puf.MZ9qoVySHqsxqauDqAZgOEl3Sn/dh6C','driver','https://lorempixel.com/300/300/people',null,'verified',null,'verified','123456','asdfgh','2019-12-17','2019-12-17');


/*docs*/
INSERT INTO `Documents`
(`id`,`comment`,`state_type`,`social_security_number`,`userId`,`createdAt`,`updatedAt`)
VALUES (1,'doc','approved', '123123',1,'2019-12-17','2019-12-17');

INSERT INTO `Documents`
(`id`,`comment`,`state_type`,`social_security_number`,`userId`,`createdAt`,`updatedAt`)
VALUES (2,'doc','approved', '234223',2,'2019-12-17','2019-12-17');

INSERT INTO `Documents`
(`id`,`comment`,`state_type`,`social_security_number`,`userId`,`createdAt`,`updatedAt`)
VALUES (3,'doc','approved', '5455345',3,'2019-12-17','2019-12-17');

INSERT INTO `Documents`
(`id`,`comment`,`state_type`,`social_security_number`,`userId`,`createdAt`,`updatedAt`)
VALUES (4,'doc','approved', '134679',4,'2019-12-17','2019-12-17');

INSERT INTO `Documents`
(`id`,`comment`,`state_type`,`social_security_number`,`userId`,`createdAt`,`updatedAt`)
VALUES (5,'doc','approved', '975313',5,'2019-12-17','2019-12-17');

INSERT INTO `Documents`
(`id`,`comment`,`state_type`,`social_security_number`,`userId`,`createdAt`,`updatedAt`)
VALUES (6,'doc','approved', '1324354657',6,'2019-12-17','2019-12-17');

INSERT INTO `Documents`
(`id`,`comment`,`state_type`,`social_security_number`,`userId`,`createdAt`,`updatedAt`)
VALUES (7,'doc','approved', '9786756453',7,'2019-12-17','2019-12-17');

INSERT INTO `Documents`
(`id`,`comment`,`state_type`,`social_security_number`,`userId`,`createdAt`,`updatedAt`)
VALUES (8,'doc','approved', '564738291',8,'2019-12-17','2019-12-17');


/*ShippingAddresses*/
INSERT INTO `ShippingAddresses`
(`id`,`addressLine1`,`addressLine2`,`city`,`state`, `zipCode`, `lat`, `lon`,`userId`, `createdAt`,`updatedAt`)
VALUES (1,'apt 1','street 2', 'NY', 'NY', '122', '45.234234', '33.23234', 1,'2019-12-17','2019-12-17');

INSERT INTO `ShippingAddresses`
(`id`,`addressLine1`,`addressLine2`,`city`,`state`, `zipCode`, `lat`, `lon`,`userId`, `createdAt`,`updatedAt`)
VALUES (2,'apt 1','street 2', 'NY', 'NY', '122', '45.234234', '33.23234', 2,'2019-12-17','2019-12-17');

INSERT INTO `ShippingAddresses`
(`id`,`addressLine1`,`addressLine2`,`city`,`state`, `zipCode`, `lat`, `lon`,`userId`, `createdAt`,`updatedAt`)
VALUES (3,'apt 1','street 2', 'NY', 'NY', '122', '45.234234', '33.23234', 3,'2019-12-17','2019-12-17');

INSERT INTO `ShippingAddresses`
(`id`,`addressLine1`,`addressLine2`,`city`,`state`, `zipCode`, `lat`, `lon`,`userId`, `createdAt`,`updatedAt`)
VALUES (4,'apt 1','street 2', 'NY', 'NY', '122', '45.234234', '33.23234', 4,'2019-12-17','2019-12-17');

INSERT INTO `ShippingAddresses`
(`id`,`addressLine1`,`addressLine2`,`city`,`state`, `zipCode`, `lat`, `lon`,`userId`, `createdAt`,`updatedAt`)
VALUES (5,'apt 1','street 2', 'NY', 'NY', '122', '45.234234', '33.23234', 5,'2019-12-17','2019-12-17');

INSERT INTO `ShippingAddresses`
(`id`,`addressLine1`,`addressLine2`,`city`,`state`, `zipCode`, `lat`, `lon`,`userId`, `createdAt`,`updatedAt`)
VALUES (6,'apt 1','street 2', 'NY', 'NY', '122', '45.234234', '33.23234', 6,'2019-12-17','2019-12-17');

INSERT INTO `ShippingAddresses`
(`id`,`addressLine1`,`addressLine2`,`city`,`state`, `zipCode`, `lat`, `lon`,`userId`, `createdAt`,`updatedAt`)
VALUES (7,'apt 1','street 2', 'NY', 'NY', '122', '45.234234', '33.23234', 7,'2019-12-17','2019-12-17');

INSERT INTO `ShippingAddresses`
(`id`,`addressLine1`,`addressLine2`,`city`,`state`, `zipCode`, `lat`, `lon`,`userId`, `createdAt`,`updatedAt`)
VALUES (8,'apt 1','street 2', 'NY', 'NY', '122', '45.234234', '33.23234', 8,'2019-12-17','2019-12-17');


/*PlateCategories*/
INSERT INTO `PlateCategories`
(`id`,`name`,`description`,`url`, `userId`, `createdAt`,`updatedAt`)
VALUES (1,'Fast Food', 'Fast Food', 'https://lorempixl.com/fast-food', 1, '2019-12-17','2019-12-17');


/*Plates*/
INSERT INTO `Plates`
(`id`,`name`,`description`,`price`,`delivery_type`, `sell_count`, `rating`, `delivery_time`,`userId`, `categoryId`, `chefDeliveryAvailable`, `createdAt`,`updatedAt`)
VALUES (1,'french fries', 'french fries', 1.5, 'paid', 0, 0, 0, 4, 1, false,'2019-12-17','2019-12-17');

INSERT INTO `Plates`
(`id`,`name`,`description`,`price`,`delivery_type`, `sell_count`, `rating`, `delivery_time`,`userId`, `categoryId`, `chefDeliveryAvailable`, `createdAt`,`updatedAt`)
VALUES (2,'burger', 'burger', 3.5, 'paid', 0, 0, 30, 4, 1, true,'2019-12-17','2019-12-17');

INSERT INTO `Plates`
(`id`,`name`,`description`,`price`,`delivery_type`, `sell_count`, `rating`, `delivery_time`,`userId`, `categoryId`, `chefDeliveryAvailable`, `createdAt`,`updatedAt`)
VALUES (3,'chicken wings', 'chicken wings', 2.5, 'paid', 0, 0, 0, 5, 1, false,'2019-12-17','2019-12-17');

INSERT INTO `Plates`
(`id`,`name`,`description`,`price`,`delivery_type`, `sell_count`, `rating`, `delivery_time`,`userId`, `categoryId`, `chefDeliveryAvailable`, `createdAt`,`updatedAt`)
VALUES (4,'ramen noodles', 'ramen noodles', 6, 'paid', 0, 0, 10, 5, 1, true,'2019-12-17','2019-12-17');
